ACMH Hospital|One Nolte DriveKittanning, Pennsylvania 16201-7111|

AHMC Anaheim Regional Medical Center|1111 W. La Palma AvenueAnaheim, California 92801-2881|http://armc4u@ahmchealth.com

AHS Southcrest Hospital, LLC dba Hillcrest Hospital South|8801 South 101st East AvenueTulsa, Oklahoma 74133-5716|http://www.hillcrest.com

AMITA Health Adventist Medical Center Bolingbrook|500 Remington BoulevardBolingbrook, Illinois 60440-4988|http://www.amitahealth.org/locations/hospitals/bolingbrook

AMITA Health Adventist Medical Center GlenOaks|701 N. Winthrop AvenueGlendale Heights, Illinois 60139-1403|http://www.amitahealth.org

AMITA Health Adventist Medical Center Hinsdale|120 N. Oak StreetHinsdale, Illinois 60521-3890|http://www.amitahealth.org/locations/hospitals/hinsdale

AMITA Health Adventist Medical Center La Grange|5101 S. Willow Springs RoadLa Grange, Illinois 60525-2680|http://www.amitahealth.org/locations/hospitals/lagrange

AMITA Health Alexian Brothers Medical Center Elk Grove Village|800 Biesterfield RoadElk Grove Village, Illinois 60007-3397|https://www.amitahealth.org

AMITA Health Mercy Medical Center Aurora|1325 N. Highland AvenueAurora, Illinois 60506-1449|https://www.amitahealth.org/our-locations/hospitals/amita-health-mercy-medical-center-aurora/

AMITA Health Resurrection Medical Center Chicago|7435 W. Talcott AvenueChicago, Illinois 60631-3746|http://www.presencehealth.org/presence-resurrection-medical-center-chicago

AMITA Health Saint Francis Hospital Evanston|355 Ridge AvenueEvanston, Illinois 60202-3399|http://amitahealth.org

AMITA Health Saint Joseph Hospital Chicago|2900 N. Lake Shore DriveChicago, Illinois 60657|http://amitahealth.org

AMITA Health Saint Joseph Hospital Elgin|77 N. Airlite StreetElgin, Illinois 60123-4912|https://www.amitahealth.org/our-locations/hospitals/amita-health-saint-joseph-hospital-elgin/

AMITA Health Saint Joseph Medical Center Joliet|333 N. Madison StreetJoliet, Illinois 60435-6595|http://amitahealth.org/amitahealthsaintjosephmedicalcenterjoliet

AMITA Health Saints Mary and Elizabeth Medical Center Chicago|2233 W. Division StreetChicago, Illinois 60622-8151|http://www.presencehealth.org/presence-saints-mary-and-elizabeth-medical-center-chicago-contact-us-phone

AMITA Health St. Alexius Medical Center Hoffman Estates|1555 Barrington RoadHoffman Estates, Illinois 60169-1019|https://www.amitahealth.org

AMITA Health St. Mary's Hospital Kankakee|500 W. Court StreetKankakee, Illinois 60901-3661|http://www.amitahealth.org/our-locations/hospitals/amita-health-st.mary-s-hospital-kankakee/

Abbeville General Hospital|118 North Hospital DriveAbbeville, Louisiana 70510-0580|http://www.abbevillegeneral.com

Abbott Northwestern Hospital|800 E. 28th StreetMinneapolis, Minnesota 55407-3799|http://www.allinahealth.org/Abbott-Northwestern-Hospital

Abilene Regional Medical Center|6250 US Highway 83Abilene, Texas 79606-5299|

Abington Health Lansdale Hospital|100 Medical Campus DriveLansdale, Pennsylvania 19446-1200|http://abingtonhealth.org

Abington Memorial Hospital|1200 Old York RoadAbington, Pennsylvania 19001-3720|http://abingtonhealth.org

Abrazo Arrowhead Campus|18701 North 67th AvenueGlendale, Arizona 85308-5722|https://www.abrazohealth.com/

Abrazo Central Campus|2000 West Bethany Home RoadPhoenix, Arizona 85015-2443|https://www.abrazohealth.com/our-locations/abrazo-central-campus://

Abrazo Scottsdale Campus|3929 East Bell RoadPhoenix, Arizona 85032-2196|https://www.abrazohealth.com/our-locations/abrazo-scottsdale-campus://

Abrazo West Campus|13677 West McDowell RoadGoodyear, Arizona 85395|https://www.abrazohealth.com/our-locations/abrazo-west-campus

Acadia General Hospital (American Legion Hospital)|1305 Crowley Rayne HighwayCrowley, Louisiana 70526-8202|http://lafayettegeneral.com

Acadian Medical Center|3501 US-190Eunice, Louisiana 70535|

Addison Gilbert Hospital|298 Washington StreetGloucester, Massachusetts 01930|http://www.beverlyhospital.org

Adena Regional Medical Center|272 Hospital RoadChillicothe, Ohio 45601-9031|http://adena.org

Adirondack Medical Center - Saranac Lake|2233 State Route 86Saranac Lake, New York 12983|

AdventHealth Altamonte Springs|601 East Altamonte DriveAltamonte Springs, Florida 32701|http://www.AdventHealth.com

AdventHealth Apopka|2100 Ocoee Apopka RoadApopka, Florida 32703|http://www.AdventHealth.com

AdventHealth Carrollwood|7171 North Dale Mabry HighwayTampa, Florida 33614-2699|http://adventhealth.com

AdventHealth Celebration|400 Celebration PlaceCelebration, Florida 34747|http://www.AdventHealth.com

AdventHealth Central Texas|2201 S CLEAR CREEK RDKilleen, Texas 76549-4110|https://www.adventhealth.com/hospital/adventhealth-central-texas

AdventHealth Dade City|13100 Fort King RoadDade City, Florida 33525-5294|https://www.adventhealth.com/hospital/adventhealth-dade-city

AdventHealth Daytona Beach|301 Memorial Medical ParkwayDaytona Beach, Florida 32117|https://www.adventhealth.com/hospital/adventhealth-daytona-beach

AdventHealth DeLand|701 W. Plymouth AvenueDeLand, Florida 32720|http://adventhealth.com/deland

AdventHealth East Orlando|7727 Lake Underhill RoadOrlando, Florida 32822|http://www.AdventHealth.com

AdventHealth Fish Memorial|1055 Saxon BoulevardOrange City, Florida 32763-8468|https://www.adventhealth.com/hospital/adventhealth-fish-memorial

AdventHealth Gordon|1035 Red Bud RoadCalhoun, Georgia 30701-2082|http://AdventHealthGordon.com

AdventHealth Hendersonville|100 Hospital DriveHendersonville, North Carolina 28792-5272|https://www.adventhealth.com/hospital/adventhealth-hendersonville

AdventHealth Kissimmee|2450 North Orange Blossom TrailKissimmee, Florida 34744|http://www.AdventHealth.com

AdventHealth Lake Placid|1210 US Hwy 27NLake Placid, Florida 33852|http://adventhealth.com/lake-placid

AdventHealth Lake Wales|410 S. 11th StreetLake Wales, Florida 33853-4256|https://www.adventhealth.com/hospital/adventhealth-lake-wales://

AdventHealth New Smyrna Beach|401 Palmetto StreetNew Smyrna Beach, Florida 32168-7399|http://www.AdventHealth.com/hospital/AdventHealth-New_smyrna-Beach

AdventHealth North Pinellas|1395 South Pinellas AvenueTarpon Springs, Florida 34689-3721|https://www.adventhealth.com/hospital/adventhealth-north-pinellas

AdventHealth Ocala|1500 SW 1st AvenueOcala, Florida 34471-4059|https://www.adventhealth.com/hospital/adventhealth-ocala

AdventHealth Orlando|601 East Rollins StreetOrlando, Florida 32803|http://www.AdventHealth.com

AdventHealth Ottawa|1301 S. Main StreetOttawa, Kansas 66067-3598|http://www.adventhealth.com

AdventHealth Palm Coast|60 Memorial Medical ParkwayPalm Coast, Florida 32164|https://www.adventhealth.com/hospital/adventhealth-palm-coast

AdventHealth Sebring|4200 Sun N Lake BlvdSebring, Florida 33872-1986|http://adventhealth.com/sebring

